text,sentiment
Morrisons book second consecutive quarter of sales growth,3
IMI posts drop in first-quarter organic revenue; warns on full year,1
"Glencore to refinance its short-term debt early, shares rise",3
EasyJet attracts more passengers in June but still lags Ryanair,3
Barclays 'bad bank' chief to step down,1
Bilfinger Industrial Services win Â£100m BP contract extension,2
Bilfinger Industrial Services win Â£100m BP contract extension,3
Barclays share price subdued as bank faces fresh forex probe,1
Centrica prepared for takeover approach - chairman,2
Jim Armitage: Spare no tears as Glencore's bosses are paying such a small price,1
"Barclays, Deutsche Bank Fight to Lift Profit Just Got Harder",1
Kingfisher set to open another 200 Screwfix stores,3
Diageo sales disappoint as currency and comparatives leave bitter taste,1
Smith & Nephew recalls hip-replacement components,1
Tesco is torn apart as watchdog finds supermarket repeatedly withheld payments from suppliers,0
Is Trouble Brewing At Legal & General Group Plc And Aviva plc?,1
Here's my 10-point plan to make Tesco great again,2
"Schroders posts FY profit beat, replaces CEO and chairman in board shake-up",2
BP Seeks to Get Back Some Gulf Oil Spill Business Payouts,2
"Can Standard Chartered PLC, BP plc & Burberry Group plc Keep Charging?",2
"UPDATE 1-BP reports worst annual loss in at least 20 years, cuts more jobs",0
Insurers: Admiral blows hot and cold but Aviva soars pre-Friends Life merger,2
"L&G still paying price for dividend cut during crisis, chief says",1
Insurers: Admiral blows hot and cold but Aviva soars pre-Friends Life merger,3
"Whitbread eyes savings, price rises to offset wage rises",2
Britain's FTSE lifted by solid Kingfisher,4
Novo Nordisk and AstraZeneca seek tonic from key drug trials,2
Kingfisher takeover of Mr Bricolage could hit a brick wall,1
BP wins right to appeal some Gulf spill damages claims,3
Dixons Carphone profit boost on strong sales,3
UK MORNING BRIEFING: Sky And Hargreaves Lansdown Bookend FTSE 100,2
Johnson Matthey profit lifted by metals unit sale,3
"Barclays, Credit Suisse strike record deals with SEC, NY over dark pools",0
UPDATE 1-Shire takes Q2 earnings pain for long-term gain,2
Drugmaker Shire to buy Baxalta for $32 billion after 6-month pursuit,3
Standard Chartered considering move from UK,2
Philippines' San Miguel says to partner with Kirin if it bids for SABMiller's ...,3
US cancels Arctic offshore lease sale after Shell drops interest,2
Shire CEO steps up drive to get Baxalta board talking,3
UPDATE 1-Oil major BP freezes pay in 2015 to cut costs,2
Brazil Vale says will appeal ruling to block assets for dam burst,2
"BHP Billiton posts big loss, slashes dividend",0
Reaching New Depths: Glencore's $5bn Loss,0
UPDATE 2-EasyJet sees better first half on lower fuel bill,4
Britain's FTSE advances as Royal Mail rises,3
CompaniesTesco sheds Harris & Hoole coffee shops,3
News FeedFTSE 100 movers: Standard Chartered lifted while AstraZeneca sinks,3
Fitch: Citi's 1Q'15 Reports Much Improved Results,3
Landlord Hammerson's NAV rises on increased leasing activity,4
CompaniesMetro Bank raises Â£400m ahead of London listing,3
New Morrisons duo get former boss's support to diffuse investor tension,2
WPP Q1 Revenue Rises Over 8% - Quick Facts,4
Barclays raises 603 million pounds from African business share sale,3
REFILE-Aviva Investors to move 34 bln euros in assets from AXA fund arm,1
Dividends Unleashed At Royal Bank of Scotland Group plc,3
"Irish Said Chasing Standard Chartered, RBS as Brexit Vote Nears",2
"EXCLUSIVE-BP, China's CNPC to unveil oil alliance - sources",3
RBS and Barclays shares temporarily suspended amid heavily losses,0
BP sees Q1 earnings slide as low oil prices take their toll,1
Johnson Matthey revs up on clean air drive,3
Tesco boss urges rethink on minimum wage and business rates,2
Is It Worth Investing In Tesco PLC And Prudential plc Now?,2
RBS will reportedly appoint Howard Davies as its next chairman,2
UPDATE 1-Seattle flotilla protests Shell's Arctic drilling plans,1
Petrofac books further Â£30m cost for Shetland gas terminal delays,1
G4S suspends workers at UK youth centre over allegations of unnecessary force,1
TalkTalk hires BAE Systems to investigate cyber attack,3
Osborne extends Lloyds sell-off plan,1
UPDATE 1-Dairy Crest loses a third of Morrisons milk contract,0
CompaniesLord Livingston joins Dixons Carphone,3
Tesco names Deloitte as new auditor after accounting scandal,3
World's banks may halve jobs and branches within 10 years - Barclays ex-boss,1
Severn Trent share price rises as first half profit inches up as customer ...,3
Clinigen chosen by AstraZeneca to manage access programme for next ...,3
Valeant's Pearson says timing of return uncertain,2
Aviva suspends trading in Â£1.8bn UK property fund,0
Horizonte acquires neighbouring Glencore nickel property in Brazil,2
Indy future in doubt as Johnston Press lines up deal for 'i',2
Glaxo's ViiV Healthcare Signs China Manufacturing Deal With Desano,3
"BHP Billiton half-year profit falls, beats forecasts",2
Royal Dutch Shell to Buy BG Group for Nearly $70 Billion,3
Barclays to speed up cost-cuts after new mis-selling hit,1
"CEOs of BPM, UBI meet Italy econ minister as M&A talk heats up",2
HSBC Hit by Fresh Details of Tax Evasion Claims,1
"CaixaBank, dos Santos Agree on Plan for BPI Angola Exposure",2
"BPI Says Caixabank, Isabel dos Santos Reach Agreement Over Angola Exposure",3
Wolseley says Nicholls won't join as finance chief,2
UK lawmakers warn Royal Mail against further price hikes,2
StanChart and RBS struggle in Bank of England stress tests,1
StanChart may see white knight takeover on painful recovery - CLSA,2
AstraZeneca suffers setback after drug fails to treat eye cancer,1
News FeedFTSE 100 movers: Standard Chartered lifted while AstraZeneca sinks,0
Retail giant Kingfisher reports 'solid' start to the year,3
Unilever Continues to Battle Soft Demand,1
Fresnillo Production Surges But Profit Hit By Lower Prices,3
Helge Lund moves to BG a month early,2
"Tesco set to sell Kipa, Giraffe businesses - Sky News",2
"RBS warns of higher misconduct charges, obstacles ahead",1
"DBS, Julius Baer emerge as potential bidders for Barclays Asia wealth unit ...",3
Standard Life slips as Greek worries peg back Britain's FTSE,1
Glencore sells agri unit stake for $2.5 billion to Canadian pension fund,3
FCA bans former RBS Libor submitter,1
AB InBev's Latest Bid Said Unlikely to Win SABMiller's Approval,2
Standard Chartered Not Raising Capital Yet As Dividend Cut,2
"Tesco set to sell Kipa, Giraffe businesses - Sky News",3
United Utilities FY profit up 3.5%; to boost capex,3
Sale of Tesco's Clubcard business to WPP on the verge of collapse,1
UK's Osborne may sell state-owned RBS shares at a loss -paper,1
Tesco Sale Is Asia's Biggest Private-Equity Deal,3
Industry NewsWolseley confident in reslilience amid mixed markets,3
Japan's Nikkei lands Financial Times in $1.3 billion deal,3
UPDATE: Peter Long To Be Chairman Of Both Royal Mail And TUI AG,2
UK regulators license BAT e-cigarette as quit-smoking medicine,3
"Aviva, M&G suspend property funds as investors panic",0
British American Tobacco drops and sues PwC over pollution scandal,1
Aberdeen's shares slide as net outflows accelerate,1
REFILE-Hikma and Barclays help Britain's FTSE to climb higher,3
"Kraft, Cadbury's and Britvic in Total Recall: how pulling a product affects profit",2
Standard Chartered share price: Aberdeen CEO would back potential capital increase,2
Severn Trent share price jumps as Canadian investor renews pursuit of utility,3
France raises concerns over proposed LSE-Deutsche Boerse deal,1
Bunzl blames weakness in United States for first-half revenue slowdown,1
Tesco criticised for 'disgraceful' advert showing domestic worker being slapped,1
Tushar Morzaria is bookies' favourite to be new Barclays chief executive,2
CompaniesG4S claims 'positive' start to the year,3
"UPDATE 3-BP settles oil spill-related claims with Halliburton, Transocean",2
Shares in BAE Systems hit 10-month high on rating upgrade,4
GE to Sell Majority Stake in Bank BPH's Core Bank to Alior Bank,3
Royal Dutch Shell plc: Shell Updates on Alaska Exploration,2
City spirits sink after Diageo comes up short with sales slide,1
Tesco sales recover as focus returns to core business,3
London Stock Exchange unit in talks to operate Plato venue,2
ARM Holdings plc Partners With International Business Machines Corp. To Drive ...,3
GSK joins China trade push as UK trumpets healthcare deals,3
"Goldman Sachs, Barclays, HSBC downplay Brexit threat",2
HSBC marks muted 150th birthday party with grain of rice sculptures,2
Barclays appoints JPMorgan's Paul Compton as new COO,2
Standard Chartered Shares Jump Most Since '12 After Upgrades,4
Italy Probes Shell's Role in Purchase of Nigerian Oil Block,1
Shropshire and Mid Wales trains to be hit again in new strike by Arriva drivers,1
Friends Life lifts profits 38% and hikes divi ahead of proposed Aviva takeover,2
Randgold profit hit by poor gold price but dividend still increases,2
AstraZeneca does US$770mln anaesthetic deal,3
AB InBev's Latest Bid Said Unlikely to Win SABMiller's Approval,1
ITV share price jumps on report of Comcast's NBCUniversal bidding to takeover ...,4
Diageo Sells Ryder Cup Venue Gleneagles Hotel to Ennismore Group,2
Pearson to cut 4000 jobs as it warns on profits,0
"FDA panel backs safety updates for AstraZeneca, Takeda drugs",2
LSE-Deutsche Boerse merger would signal end to exchange mega-deals,2
"Intertek Hit By Pound Strength, Oil & Gas Slowdown; Still Ups Dividend",1
Tesco says recovery plan working after profit collapse,3
Kinder Morgan and BP Form Joint Venture Limited Liability Company to Purchase ...,3
Shell and BG Shareholders to Vote on Deal at End of January,2
"Intercontinental Hotels, Starwood held early deal talks - FT",2
Warren Buffett's Berkshire Hathaway buys stake in Apple,3
Sunday Papers: Shire told to raise its offer by Baxalta investors,3
"Britain's FTSE bounces back, Mondi and Barratt lead",3
Glencore slashes 2015 capex budget as annual profits slip 2%,1
Anheuser-Busch InBev Increases Offer for Rival SABMiller,2
Sainsbury CFO Rogers to Replace Home Retail CEO Walden,2
"UPDATE 2-Exchanges, Barclays win dismissal of US high-frequency trading case",3
MarketsUS industrials lag as Barclays dims view,1
Zurich Insurance Considering Offer for UK Rival RSA Insurance,3
US DOJ antitrust unit subpoenas Mylan over pricing of doxycycline,0
AstraZeneca sells US gout drug rights to Ironwood for up to $265 million,3
"Shell, Chevron Await LNG's Return From `Pause Mode'",2
Companies raise less money on London Stock Exchange in 2015,2
Shell and BG Shareholders to Vote on Deal at End of January,2
Glencore shares rally after miner hits back,3
ABN Amro: Bank that brought down RBS poised for return to the market,3
Verizon and AT&T accused of hurting rivals,1
ARM swings to profit in fourth quarter,3
Johnson Matthey profit falls but dividend rises,2
Auto Trader share price surges as company floats on LSE,4
ConAgra Names Former Hillshire Farms CEO Connolly to Top Post,2
Hargreaves Landown slides on trading update,1
"Sainsbury's, Asda, Tesco and Morrisons will all cut petrol prices as oil falls ...",1
"WPP, World's Largest Ad Agency, Reports Strong 2015 Growth",3
Shell Targets Gains From Brazil to LNG With Takeover of BG Group,3
Four former Barclays bankers jailed over Libor,0
Tesco Cut to Junk at Moody's on Concern Revival to Take Time,0
LPC-Glencore launches refinancing of $8.45billion loan,2
"London open: Taylor Wimpey and Ashtead drive markets higher, Barclays falls",3
Easyjet targets business travellers with new perks,2
BP joins forces with Det Norske in Norway,3
Shire proposes $30 bln all-share tie-up with Baxalta,3
Tesco sales rise shows tentative recovery continues,3
Valeant Names Interim Leader as CEO Remains Hospitalized,2
AstraZeneca weighing up Acerta bid to secure blood cancer drug,3
BP asks for lower fine in penalty phase of Gulf spill trial,2
MarketsShire up 2.5% and Baxalta up 6% on $32bn deal,3
"Warren Buffett's Awesome Feat at Berkshire Hathaway, Revisited",2
Lloyds Banking Group's share price lifts amid reports bank is poised to axe hundreds of UK jobs,3
SSE cuts gas prices by 4.1% to become fifth of 'Big Six' providers to slash energy ...,2
Silicon Fen' champion brings exacting approach to Rolls-Royce,2
Tesco Said to Discuss Central and Eastern European Unit Sale,3
Glencore launches refinancing of credit line,2
Should You Follow Berkshire Hathaway Into Apple Stock?,2
UK WINNERS & LOSERS: Aviva And Friends Life Lead FTSE 100 Gainers,3
FDA approves Shire's Vyvanse for binge-eating disorder,3
Entertainment One dispels ITV takeover rumours,2
"Despite sales growth, UK's Tesco cautions recovery to be bumpy",2
Oil Giant Shell to Cut Around 2800 Jobs Amid BG Takeover,1
BAE Systems banks on US defence spending to fix sales slide,2
UK Christmas power demand to be lowest in 16 years â€“ National Grid,1
CompaniesCompass serves up half year profit rise,3
UK MORNING BRIEFING: Sky And Hargreaves Lansdown Bookend FTSE 100,2
InterContinental Hotels Group share price climbs on $1.5bn special dividend,4
AstraZeneca in Talks to Buy Cancer Drug Developer Acerta Pharma,3
Amazon to attack UK grocery market with Morrisons deal,3
Tesco made a bit of a crucial error in this promotion for Ramadan...,1
"Falling oil prices hurt Hunting, Weir Group",1
Morning Agenda: Shire's Deal for NPS,2
AstraZeneca wins FDA approval for key new lung cancer pill,3
FCA set to fine Lloyds record Â£100m over PPI,0
"Barclays's Next CEO Should Be Investment Banker, Aberdeen Says",2
RBS and Barclays shares temporarily suspended amid heavily losses,0
Shire to buy NPS for $5.2 billion to boost rare disease drugs,3
Tesco's boardroom clearout continues,2
BHP Billiton says no settlement yet on Brazil dam disaster,2
Arm buoyed by race to build the internet of things,3
AstraZeneca diabetes drug combination faces delay after FDA rebuff,1
Amazon's grocery deal with Morrisons is only the beginning,3
BAE Systems's sales boosted by European Typhoon and currencies,3
CompaniesAberdeen Asset Mgt reports 10th consecutive quarterly outflows,0
Barclays CEO poaches risk head from JP Morgan,2
BP signs $12 billion energy deal in Egypt,3
Shire says internal synergy goals from Baxalta deal higher,3
WPP wins race for 'programmatic buying' agency Essence Digital,3
Drugmaker Shire to buy Baxalta for $32 billion after 6-month pursuit,4
AstraZeneca investment eats into profit,2
"AstraZeneca bags another cancer drug deal, this time with Inovio",3
CompaniesCentrica shares drop 7% amid capital raise,1
Miners Meltdown as BHP to Rio Tinto Sink in Commodities Rout,0
UPDATE 1-Britain's Tullow says makes new oil find in Kenya,3
Britain's power supplies enough to meet winter demand - National Grid,3
Barclays PLC & Lloyds Banking Group PLC Are The 2 Banks I'd Buy Today,3
UPDATE 3-Buffett's Berkshire raises oil bet with Kinder Morgan stake,2
"UPDATE: EasyJet Passenger Numbers, Aer Lingus Traffic Up In February",3
PRESS: US High-Frequency Lawsuit Against Barclays Dismissed - Reuters,3
Shell CEO van Beurden's remuneration fell in 2015,2
"Aberdeen AM posts H1 outflows, says conditions to remain challenging",1
"Kraft, Cadbury's and Britvic in Total Recall: how pulling a product affects profit",2
Shell seeks to remove Greenpeace activists from oil rig,2
"UPDATE 3-BP settles oil spill-related claims with Halliburton, Transocean",2
Pearson Forecasts Rising Earnings as Reorganization Pays Off,3
Morrisons faces festive sales test,2
Aviva shuts Friends Life head office in rapid integration move,2
Tesco to pay Â£8m to settle class-action lawsuit after accounting scandal,1
UPDATE 3-Stifel to buy former Lehman brokerage from Barclays,2
CompaniesRoyal Mail stake sale delivers Â£750m for taxpayer,2
NYSE owner ICE may gatecrash Deutsche Boerse-LSE merger,2
Spain's Caixabank launches new takeover bid for Banco BPI,2
Former Aviva Investors analyst Mothahir Miah banned and fined Â£139000 by FCA ...,1
ARM shrugs off smartphone slowdown as newer designs win share,2
UPDATE 1-Petrofac posts net loss hurt by Shetland Islands project costs,1
Do it for me' trend underpins UK sales growth at Kingfisher,3
RBS invites pitches for broker role ahead of privatisation - sources,3
Bunzl delivers small profit increase for 2014,3
AB InBev Holds Talks With Regulators About California Deals,2
CompaniesMorrison evicted from FTSE 100 as Worldpay joins,1
Barclays denies deferred prosecution offer from SFO,2
LONDON MIDDAY BRIEFING: Kingfisher's French Expansion Hits The Rocks,1
"PRESS: Serco Set To Appoint Roy Gardner, Ex-Centrica, As Chairman - FT",2
Tesco chief excutive Dave Lewis sees 'encouraging signs' despite profits tumble,3
"EasyJet ""Sneakairs"": Airline is testing smart shoes to help customers explore destinations",2
The Coca-Cola Company and Coca-Cola FEMSA to Acquire AdeS Soy-Based Beverage Business From Unilever,3
SSE faces profiteering accusations despite 5.3% cut in gas charges,1
CompaniesRBS pulls a surprise: a 27% jump in profits,4
"Shell, Chevron Await LNG's Return From `Pause Mode'",2
Barclays settles with US investors over Libor manipulation,3
"Tesco says recovery on track, asks investors to be patient",2
"Should you buy Associated British Foods plc, Great Portland Estates plc and Dunelm Group plc following today's news?",2
"UPDATE 1-Nomura, RBS must pay $806 mln in mortgage bond case-US judge",0
National Grid profit up 15%; gas sale on track,3
AstraZeneca chases Acerta to secure next cancer drug winner,3
"Prudential capital ratio beats forecasts, confirms UK head",3
CompaniesEx-City watchdog Turner joins Prudential board,2
"Militants fire rockets at Algerian BP/Statoil gas plant, no casualties",1
BG Group Still Happy With Shell's $70 Billion Offer,3
CompaniesAstraZeneca wins nod for 'blockbuster' hopeful,3
Shell to Lay Off Another 2200 Staff,1
Carnival Corporation and China Merchants Group Sign Memo of Understanding ...,2
CompaniesDiageo stays neutral on India boardroom turmoil,2
Tesco to 'axe 10000 jobs' in 'simplification' drive to cut costs by 30 per cent,3
Barclays poised to replace Sir Mike Rake as he heads for exit,2
Tesco bans sugary drinks in â€œchildhood obesity driveâ€퀀,2
Tata Steel working with StanChart for UK unit sale - source,2
Sainsbury's share price: Grocer launches click-and-collect,2
AO World shares tumble on profit warning,0
Shell Targets Gains From Brazil to LNG With Takeover of BG Group,2
Glencore tells investors it is on track to reduce debt: Barclays,3
Whitbread boss Andy Harrison defends sales fall as 'just a blip',2
Borealis Infrastructure putting together new Severn Trent bid,3
AstraZeneca sells US drug rights to Perrigo for $380 mln,3
Aggreko 2015 Profit Declines - Quick Facts,1
Pearson lags as UK's FTSE slips off record high,1
RBS hands Â£3.3m of shares to top staff,2
Glencore sells agriculture stake for $2.5bn,3
Barclays says has spent $150 million on US 'living will',2
RBS share price: Group plans to slash 600 jobs,1
TRLPC - CRH backs Lafarge Holcim asset buy with 6.5 bln euro bridge loan,3
"Eurozone bank lending continues to recover, slowly, Barclays says",3
RBS breaks with past by tearing investment bank apart,2
Aberdeen Asset Management Gains Foothold In China,3
BP to pay investors $175m over Gulf spill claims,0
Persimmon sees post-election pick-up,3
Fewer multi-buys hurt Sainsbury's market share,1
Australia clears AB Inbev's $100 billion SABMiller buyout plan,3
"London open: Taylor Wimpey and Ashtead drive markets higher, Barclays falls",3
AstraZeneca profit down as sales of stalwarts fade,1
Tesco Mobile Partners with Unlockd to Change the Way Consumers Use and Pay for Their Mobile Phones,3
Associated British Foods helps FTSE to rebound,3
Why Shell Cut Ties to Conservative Lobby Group Over Climate Change,2
Johnson Matthey sells research chemicals unit to Thermo Scientific,3
Tesco rebounds as buyers sense a bargain,3
"Valeant CEO Returns From Leave, Company Withdraws Guidance",2
AstraZeneca shares climb 3% as drug maker ups profits forecasts,4
"FastJet slams EasyJet founder Stelios for going public, is ""taking legal advice"" over letter about contractual ...",1
"Failure of leadership' behind Tesco troubles, says former CEO Leahy",1
British American Tobacco says would fight UK 'plain packaging' law,2
"Hammerson, JV Partner secure ownership of Ireland's Dundrum - Quick Facts",3
Asahi could be about to snap up more of SABMiller's beers ahead of AB InBev sale,3
"Are ARM Holdings plc, Domino's Pizza Group plc and ASOS plc 3 must-have growth stocks?",2
Persimmon reports strong trading despite EU vote and planning delays,3
NYSE owner ICE considers offer for LSE,2
CompaniesSanofi poaches immunology expert from AstraZeneca,2
Mylan Appoints Ranjan Ray Chaudhuri as Global Commercial Lead for Mylan's Over ...,2
BP ends 27-year sponsorship of Tate as falling oil price takes toll,1
Royal Dutch Shell pulls plug on Arctic exploration,1
Horizonte acquires neighbouring Glencore nickel property in Brazil,3
"Standard Chartered, RBS Escape Capital Raising in Stress Test",3
FDA approves AstraZeneca drug for advanced lung cancer,3
Barclays poaches new chief operating officer Paul Compton from JP Morgan Chase,2
"Water utility Severn Trent ups savings forecast, FY profit falls",2
Reed Elsevier shares cool after profit dip,1
BAE Systems lines up oil exec Woodburn as next CEO -source,2
Diageo share price: Group issues half-year update,2
CompaniesDiageo moves CFO to lead North American business,2
"RBS, Lloyds Most Exposed to Commercial Property, JPMorgan Says",2
Legal & General share price: Finance chief to step down,2
CompaniesLSE adds ex-SEC head Schapiro to board,2
"European shares fall on Chinese import data, SABMiller soars",3
"News FeedSchroders books solid earnings growth, several board changes",3
"Valeant, AstraZeneca strike psoriasis drug deal",3
Barclays considers acquisition to help split off retail arm,3
CFTC fines Barclays $560000 for inaccurate swaps position reports,0
Merged LSE and Deutsche BÃ¶rse would be led by Germany's Kengeter,2
Tesco turnaround gathers pace under new CEO,3
"Tesco, Asda sales fall as march of the discounters continues: Kantar",1
"METALS-Zinc soars 10 pct, fuelling metals surge after Glencore cuts output",3
BP cuts capex for third time this year to deal with weak oil,1
Aspen to Buy Anaesthetics From AstraZeneca for $520 Million,3
Sainsbury chief warns of squeeze on high street retailers,1
US sanctions put Gazprom-Shell alliance plans in jeopardy,1
UPDATE 6-Royal Dutch Shell pulls plug on Arctic exploration,1
AB InBev to Sell SABMiller Stake in China's Snow Beer,2
Persimmon share price climbs on 23% rise in full-year revenue,4
Royal Mail hands chief executive Moya Greene a 13% rise in her pay package,2
Travis Perkins to create 4000 jobs,3
LSE-Deutsche BÃ¶rse dealmakers wrong to ignore Brexit risk,1
Britain cuts Lloyds Banking Group stake to below 17 pct,1
LONDON MORNING BRIEFING: HSBC And Standard Chartered Shares Rise,3
BP Reports $583 Million Loss in First Quarter,0
"Britain's FTSE led lower by ITV, William Hill",0
Barclays set to name former JPMorgan banker Staley as new CEO,2
Friday Papers: Sir Philip Green sells BHS for Â£1,2
"Warren Buffett's Berkshire adds to favorites IBM, Wells Fargo",3
Spain's CaixaBank Expects To Close Deal For Banco BPI,3
How Kraft-Heinz Merger Came Together in Speedy 10 Weeks,3
Persimmon revenues lifted 12% by post-election confidence,3
REFILE-Aviva Investors to move 34 bln euros in assets from AXA fund arm,2
US urges final approval of $20 billion BP oil spill pact,1
Diageo Sells Ryder Cup Venue Gleneagles Hotel to Ennismore Group,3
UPDATE 1-GSK-linked investigator freed early from China jail - source,3
"FTSE hits three-week low as financials, Tesco fall",0
LSE-Deutsche BÃ¶rse dealmakers wrong to ignore Brexit risk,1
Weir Group offloads two renewables units,2
Aggreko says first half profits will be lower as the oil price rout claims its latest victim,1
"Industry NewsRevenue, earnings take a tumble at Weir Group",0
"News FeedFTSE 100 movers: Ashtead jumps on strong interims; Glencore, BP in ...",3
"Sharm el-Sheikh travel disruption: British Airways, EasyJet, Thomson and ...",1
London stock exchange shareholders vote on merger deal under Brexit cloud,1
"UPDATE: AstraZeneca's Selumetinib Gets Orphan Drug Label, Good AZD9291 ...",3
Intercontinental Exchange Opts Not to Bid for London Stock Exchange,2
Dave Lewis paid Â£4.1m for first 6 months at Tesco,2
Weir Group says first-half profits will be 'slightly ahead' of expectations,3
Glencore Sells $2.5 Billion Stake in Agriculture Unit,3
AstraZeneca : FDA Panel Reviews Savor Study Results For Onglyza ...,2
Hargreaves Lansdown bucks weak markets to see assets rise 2.6 percent,3
"Britain's FTSE hits three-week low as financials, Tesco fall",0
Trading ExpertBROKER RECOMMENDATIONSUBS ups RBS to 'buy' as it re-initiates coverage on UK banks,4
"3G Capital, Warren Buffett's Favorite Partner in Deals Worth Billions",3
Shell's $70 Billion BG Deal Meets Shareholder Skepticism,1
GKN to buy Fokker Technologies for 706 mln euros,3
Questor share tip: Mondi shares jump 10pc on strong start,4
"Berkshire discloses unit's ties to Iran, opens probe",1
"Rio Tinto swings to loss, drops dividend policy",1
Rio Tinto Reaffirms Goal for Iron Ore Output,3
Shares in easyJet fall to three-year low after Brexit profit warning,0
Shire share price: Group releases full-year results,3
AstraZeneca share price: Company to carve out antibiotic R&D unit into separate ...,3
Ex-Barclays Trader Johnson Pleaded Guilty to Libor Fixing,1
SABMiller buys Meantime to quench thirst for craft beer,3
Standard Chartered to slash costs as profits plunge 25%,0
Buffett's Berkshire delivers 9.8% profit growth,4
"Rio Tinto CEO Sam Walsh rejects fears over China growth, demand",2
CompaniesShell sells stake in Showa Shell Sekiyu for $1.4bn,2
Reed Elsevier to rename itself RELX Group,2
Sotheby's chairman takes his final sale,2
Insight hires Aviva's David Hillier for multi-asset team,2
Shell offers 50 percent premium to buy BG for $70 billion,3
Novartis buys remaining rights to GSK treatment in deal up to $1 billion,3
AB InBev to sell Peroni and Grolsch,3
Unilever posts weaker-than-expected fourth quarter,1
UPDATE 1-Dairy Crest loses a third of Morrisons milk contract,2
Rolls-Royce Wins $9.2 Billion Order From Emirates Airline,4
Entertainment One dispels ITV takeover rumours,2
NYSE owner ICE considers offer for LSE,3
Novartis buys remaining rights to GSK treatment in deal up to $1 billion,3
"EU drops Shell, BP, Statoil from ethanol benchmark investigation",3
"HSBC Preparing Job Cuts That May Target 20000 Workers, Sky Says",1
"UPDATE 3-BP settles oil spill-related claims with Halliburton, Transocean",1
"PRESS: Serco Set To Appoint Roy Gardner, Ex-Centrica, As Chairman - FT",2
RBS bosses ordered to go out and meet small firms,2
AB InBev offers to sell some SABMiller brands,3
RPT-UK supermarkets braced for battle as Tesco comes out fighting,2
"UPDATE 1-Glencore flags sale of some Australia, Chile assets",2
Barclays says not been offered deferred prosecution deal by SFO,2
Aviva promises higher dividends to boost flagging share price,3
Brewer AB InBev seeks $275 bln tie-up with SABMiller,3
Intercontinental Exchange Opts Not to Bid for London Stock Exchange,1
"Glencore Cuts 2015 Budget, Plans To Divest From Lonmin",1
HSBC Posts Surprise Fourth-Quarter Pretax Loss of $858 Million,0
Earnings surge as fund manager Schroders reports a record year,4
Eurocrat left best-placed to unravel London Stock Exchange deal,1
Lawmakers worry AB InBev beer deal will hurt craft brewers,2
StanLife leads FTSE after strong earnings,4
Lloyds Banking Group eyes return to dealmaking with MBNA bid,3
Anheuser-Busch InBev Increases Offer for Rival SABMiller,3
"UK government sells more Lloyds shares, cuts stake to below 12 percent",1
Kinder Morgan and BP Form Joint Venture Limited Liability Company to Purchase ...,3
Tesco says UK store closures put 2000 jobs at risk,1
Tesco Versus Sainsbury: Weight-Watcher vs. Bodybuilder,3
"Buffett talks wind energy, Coca-Cola at Berkshire meeting",2
TSB boss: Current account switching must be simpler,2
Barclays CEO Staley Says Brexit Slump Caused by Profit Fears,1
Retailers Kingfisher and Sports Direct rise in Britain's share index,3
Berkshire Shareholders Pepper Warren Buffett With Some Hard Questions,2
"GLOBAL MARKETS-Stocks gain on Royal Dutch Shell bid, oil slumps",3
EasyJet Dismisses Lufthansa Low-Cost Plan in Contest for Germany,2
AstraZeneca says new lung cancer pill Tagrisso approved by EU,3
Two former Barclays traders face retrial over Libor,0
MarketsBP promotes upstream boss to deputy CEO,2
"Glencore swings to loss, will sell more assets",1
Shell to buy BG Group in $69.7 billion takeover,3
Clydesdale Bank hit with record PPI fine for 'unacceptable' staff lies,0
UK's FTSE climbs to record closing high as Standard Chartered surges,4
US judge rules that BP spill smaller than feared,2
Royal Mail Revenue Flat As Letters Weakness Offsets Parcels Strength,2
"AB InBev launches SAB bid, to sell MillerCoors stake",2
ARM Royalties Accelerate as Smartphone Market Regains Strength,3
Shell fined by Scottish court for 2011 North Sea oil spill,0
Glencore chief blames rivals' overproduction for share price fall,1
"Ackman, in email, says supports Valeant CEO Pearson",2
GlaxoSmithKline's CEO Witty to bow out in March 2017,2
Standard Life shuts Â£2.9bn property fund after investors rush to withdraw money post-Brexit,0
Shire CEO steps up drive to get Baxalta board talking,2
FTSE slide halted by BP's Â£12bn US settlement - London Report,1
Sainsbury's pressed to raise bid for Home Retail Group,2
"FDA approves NPS drug, in move validating Shire takeover deal",3
Sanofi poaches AstraZeneca scientist as new research head,2
CompaniesSanofi poaches immunology expert from AstraZeneca,2
ITV to pursue takeover of Canada's Entertainment One: Bloomberg,2
"Broker tips: RBS, Croda, Sage",3
"Royal Mail, Johnson Matthey lead FTSE lower",1
Industry NewsWhitbread sales sink in fourth quarter on Costa slowdown,1
Diageo and Carlsberg hit as Russians suffer from oil price collapse and rouble ...,1
GlaxoSmithKline share price slips as FDA okays asthma therapy only for adults,1
Report: Financial Times up for sale,2
Glencore raises $2.5bn through share placing to help cut debt load,2
BP joins forces with Det Norske in Norway,3
No pay hikes this year at Rio Tinto as mining slump bites,1
"Nine banks including Barclays, Citi, agree to pay $2 billion to settle forex ...",0
Warren Buffett's Berkshire Hathaway buys stake in Apple,4
"Broker tips: RBS, Croda, Sage",3
London Stock Exchange seals Â£22 billion merger with Germany's Deutsche BÃ¶rse,3
FTSE steadies around 2-month low Diageo shares surge,3
"Glencore Cuts 2015 Budget, Plans To Divest From Lonmin",1
London Stock Exchange Shareholders Approve Merger With Deutsche BÃ¶rse,3
"We'd support HSBC leaving London, says Standard Life",2
News FeedFTSE 100 movers: LSE surges as ICE says mulling offer; Ashtead and Barclays tank,3
CompaniesTesco bumps up pay for store staff,2
BP pay boss feels the heat from revolt over Dudley's Â£14 million,2
UPDATE 3-Stifel to buy former Lehman brokerage from Barclays,2
Shell Plans to Shed 2800 Jobs After Buying BG Group,1
"Old Mutual to split up, may list some businesses",2
"RBS, Lloyds Most Exposed to Commercial Property, JPMorgan Says",2
CompaniesKingfisher bid for Mr Bricolage runs into trouble,1
EasyJet to pass on lower fuel prices to customers,2
Tesco loses two more directors as Garfield and Tammenoms step down,1
The UK Government's Call To Sell Shares In Royal Bank Of Scotland Group plc ...,1
Credit Suisse poaches Prudential's Thiam for Asian push,2
"Should You Buy Jumbo Yielders British American Tobacco plc, Centrica PLC & John Wood Group PLC?",2
Britain's FTSE eyes 7th straight daily rise; Wolseley lags,1
EU regulator backs approval for GSK injectable asthma drug,3
Rolls-Royce to Ensure Compliance After Petrobras Bribery Report,2
LSE gets Hong Kong regulatory nod to HK firms to become LSE members,3
"Warren Buffett's Berkshire adds to favorites IBM, Wells Fargo",3
Canadian Pension fund Borealis renews pursuit of Severn Trent : report,3
ITV merger reports boost Footsie stocks,3
"Kraft, Cadbury's and Britvic in Total Recall: how pulling a product affects profit",2
Wolseley helps lift FTSE from losses,3
Novo Nordisk and AstraZeneca seek tonic from key drug trials,2
"Saudi Aramco, Shell plan to break up Motiva, divide up assets",2
CommentOpening Quote: pay day moans; profits slump for Lloyds; Mars mission,1
AstraZeneca sells Caprelsa rights to Sanofi unit,3
Industry NewsWood Group wins multi-million dollar contract with BP,3
Royal Mail and workers' union agree pay deal,3
Lloyds wins right to buy bonds back early to save 1 billion pounds,3
"Britain's FTSE buoyed by Admiral, building sector gains",4
Tesco share price: Brand Guarantee comes under fire,1
"FTSE led lower by M&S, GlaxoSmithKline",1
FTSE edges up as investors cheer Kingfisher results,4
HSBC chief hit with tax-avoidance scandal,1
British government stake in Lloyds Banking Group fa,2
AstraZeneca's $727 million play to do away with chemotherapy,3
HSBC appoints business leaders to board,2
Diageo and Carlsberg hit as Russians suffer from oil price collapse and rouble ...,1
"Buffett's Berkshire builds Deere stake, dumps Exxon",3
BUZZ-BG Group: outperforms sector after record output,4
Teva First-Quarter Net Rises 11% Amid Mylan Takeover Battle,4
"After Barclays and Bank of America, Citigroup has blockchain in sight",3
"Industry NewsG4S makes 'positive' start to year, no new impairments",3
Morrisons helps FTSE edge higher energy shares slip,3
Old Mutual share price: Wealth unit seen as blue-chip company,4
CompaniesUnilever sales lifted by ice cream in soft economy,3
InterContinental Hotels first-quarter global room revenue lags estimates,1
"Bunzl backs 2015 view, buys more businesses",3
Bidders Abandon Auction Of Tesco Data Unit,1
"EU drops Shell, BP, Statoil from ethanol benchmark investigation",3
Euro zone QE helps Standard Life first-quarter funds boost,3
Smith & Nephew 2015 trading profit beats expectations,3
Closely watched AstraZeneca cancer drug fails in mesothelioma,1
Glencore slumps 25 pct as debt fears grow,0
Rolls-Royce to Ensure Compliance After Petrobras Bribery Report,1
AB InBev offers SABMiller $3 billion breakup fee,2
Barclays Executive Harrison Denies Knowledge of Libor Fixing,1
Standard Life hit by 'unprecedented' number of calls on pension freedoms,1
Renewed AB InBev Bid for SABMiller Ups Stake in Beer Battle,3
CompaniesAB InBev signals it won't go hostile for SABMiller,2
Meggitt Acquires Cobham Advanced Composites Unit For USD200 Million,3
LSE Group names former SEC head Schapiro non-executive director,2
IAG closes in on Aer Lingus with increased offer,3
US sanctions put Gazprom-Shell alliance plans in jeopardy,1
AstraZeneca Teams With Daiichi Sankyo To Sell Movantik In US,3
Analyst Views: Astrazeneca shares have seen recent volatility; what will 2015 ...,2
"OCBC to Buy Barclay's Wealth Management Unit in Singapore, Hong Kong",3
BP agrees to $18.7B penalty for oil spill; the tricky science behind ...,0
AstraZeneca's MedImmune Inks Licensing Deal With Omnis Pharmaceuticals,3
NYSE owner ICE may gatecrash Deutsche Boerse-LSE merger,2
"Aldi and Lidl expansion plans speed ahead as Tesco, Sainsbury's, Morrisons ...",3
Compass Group says positive for year ahead,4
Pearson expects to return to growth this year,3
Rolls-Royce Wins $9.2 Billion Order From Emirates Airline,4
Unilever head's resignation sparks spinoff talk,2
AstraZeneca wins US approval for longer use of blood thinner,3
BAE Systems cuts earnings target for 2015 and 370 jobs,0
Morrisons and Debenhams surprise City with Christmas bounce back,3
Whitbread to hike prices to offset 'substantial' national living wage bill,2
"DBS, Julius Baer emerge as potential bidders for Barclays Asia wealth unit ...",3
CompaniesCar insurer Hastings Group driving Â£180m IPO,3
GlaxoSmithKline starts hunt for successor to CEO Witty,2
National Grid's pretax profit rises 15 percent,4
"Britain's FTSE steadies, supported by Dixons Carphone",3
CRH's concrete bid for Holcim Lafarge assets,2
UK's Morrisons in talks to sell convenience stores - source,2
"HSBC keeps headquarters in London, rejects move to Hong Kong",2
Shell share price: Standard Life announce position against BG acquisition,2
"EU regulators clear $100 billion-plus AB InBev, SABMiller deal",3
Secretive Barclays deal involved Qatari clients,2
British American Tobacco first-half sales hurt by currency moves,1
"European shares plunge, roiled by BHP and oil; hopes turn to ECB",0
Tullow Oil eyes lower earnings as output falls,1
"U.K. Stocks Little Changed Near Record as Barclays, Shell Fall",1
BG Group ships first LNG From Queensland Curtis,3
Trading ExpertBROKER RECOMMENDATIONSAnalysts mostly negative on Aberdeen but some see value,1
"MarketsUBS, Goldman Sachs cut metals forecasts",1
CompaniesKingfisher bid for Mr Bricolage runs into trouble,1
CompaniesUK government lines up Â£2bn Lloyds retail share sale,1
"UPDATE 1-AstraZeneca buys ZS Pharma for $2.7 billion, pips Actelion",3
UPDATE 3-Auto Trader shares leap in UK's biggest private equity-backed listing,4
Standard Chartered Will Close Equity Sales and Research Business,1
CompaniesNational Grid lines up sale of gas business,2
2 Turnaround Buys For 2016? BHP Billiton plc And Home Retail Group Plc,3
Prudential knocked after investors withdraw Â£3.9bn from M&G,0
US walrus protections hit Shell's Arctic drilling plan,1
Severn Trent Profit Offsets Interest Rate Swap Losses,2
CompaniesTullow says gas exports at key field disrupted,1
"AstraZeneca bags another cancer drug deal, this time with Inovio",3
"Tesco, Asda sales fall as march of the discounters continues-Kantar",1
"We'd support HSBC leaving London, says Standard Life",2
Severn Trent profit up as customer complaints fall,3
US dollar wipes out sales gains for SABMiller,1
"AstraZeneca digs into precision medicine with lung, heart deals",3
Lloyds Banking Group to cut 640 jobs and close 23 branches,3
London Stock Exchange Group's quarterly revenue rises 12 percent,4
News FeedFTSE 100 movers: LSE surges as ICE says mulling offer; Ashtead and Barclays tank,0
Dixons Carphone Profit Beats Forecast in First Year Since Merger,3
PRESS: HSBC Chairman Hints Bank May Retain UK Domicile - Tel,2
"Associated British Foods Profit Hit by Strong Sterling, Tough Sugar Business",1
Former Schroders trader sentenced to 2 years in prison,1
GSK and Novartis complete deals to reshape both drugmakers,3
Barclays Names Mike Bagguley as Chief Operating Officer of Investment Bank,2
BHP Billiton share price: Brazil to sue Samarco for Â£3.5bn,1
"Should you buy Associated British Foods plc, Great Portland Estates plc and Dunelm Group plc following today's news?",2
Barclays hit with record fine as six banks settle forex scandal,0
UK Serious Fraud Office Seeks Retrial of Two Former Barclays Libor Traders,0
Cuadrilla files to delay application to frack in Lancashire,1
GlaxoSmithKline hails progress with lung disease treatment,3
Morrisons escapes FTSE relegation,2
ITV Acquires 'Poldark' Production Company Mammoth Screen,2
RPT-UPDATE 2-Former Jefferies trader Litvak's conviction overturned,2
Tesco Sales Deteriorate Ahead of Crucial Christmas Period,1
"Barclays, Credit Suisse strike record deals with SEC, NY over dark pools",0
Tesco sells Blinkbox and broadband service to TalkTalk,2
"Hammerson, JV Partner secure ownership of Ireland's Dundrum - Quick Facts",3
UPDATE 1-Berkshire applies to boost Wells Fargo stake above 10 pct,3
Travis Perkins Hikes Dividend 20% As Profit And Revenue Rise,4
GSK reveals strong trial results for shingles drug,3
Experian says receives class actions related to T-Mobile breach,0
Shell shells out over Nigeria oil spill,1
Tesco to pay $12 million to settle US lawsuit,1
"FTSE 100 moves lower, but HSBC outperforms",3
Meggitt share price tumbles as profit falls in 'challenging year',0
BG Group Still Happy With Shell's $70 Billion Offer,3
AB InBev attacks SABMiller bid rebuffal,2
Aberdeen to raise 100 mln stg to seed new funds,3
Sales boost for new Morrisons chief David Potts as Tesco turnaround stalls,1
The Latest: Buffett says cuts will pay off at Kraft Heinz,3
Glencore Studies Possible IPO for Agricultural Trading Business,3
"OCBC to Buy Barclay's Wealth Management Unit in Singapore, Hong Kong",3
Gabon Considering Back Tax Penalties Against Royal Dutch Shell,1
"Barclays picks ex-JPMorgan exec Staley as new CEO, to start Dec 1",2
Insight hires Aviva's David Hillier for multi-asset team,2
Struggling Morrisons pays out Â£3m to sacked boss Dalton Philips â€“ with more to ...,1
Government to sell off remaining 14% stake in Royal Mail,0
United Utilities' full-year underlying operating profit falls 9 percent,1
Tesco to close remaining Homeplus stores in UK,1
CEO of Berkshire's Gen Re to retire; Jain's role grows,2
Morning Agenda: Shire's Deal for NPS,2
WPP boosts sales despite cautious clients,3
"Britain's FTSE rises, led up by Glencore surge",4
Brewer AB InBev seeks $275 bln tie-up with SABMiller,3
Tesco shareholders back ITV head for chairman,2
Kingfisher takeover of Mr Bricolage could hit a brick wall,1
Old Mutual First-Quarter Sales Up 18% Buoyed by Emerging Markets,4
"UPDATE 2-Prudential will see strong first-half earnings, outgoing CEO says",3
Shell challenges Exxon dominance with 47 billion-pound bid for BG,3
RSA Insurance Hires Towergate's Egan as Chief Financial Officer,2
"GlaxoSmithKline heart drug flops in study, shingles vaccine on track",1
ICE Said to Start Lining Up Financing for LSE Bidding War,3
"FTSE rallies off three-month low, boosted by StanChart, Sainsbury",3
Lloyds sells Irish loan portfolio for Â£827m,2
EasyJet Dismisses Lufthansa Low-Cost Plan in Contest for Germany,1
Renewed AB InBev Bid for SABMiller Ups Stake in Beer Battle,3
BHP's iron ore outlook holds little cheer for small miners,1
Shire share price under pressure after $32bn Baxalta deal,2
PRESS: Pearson Set To Announce Sale Of Financial Times - Reuters,2
Citigroup to Sell OneMain to Springleaf for $4.25 Billion,3
"Five years after BP oil spill, some Gulf oystermen are losing hope",1
Walmart still selling Maryland T-shirts featuring the outline of Massachusetts,2
"GlaxoSmithKline beats profit forecasts despite Advair hit, lower margins",3
Market Report: Eight-day rally ends for FTSE 100 and Standard Chartered,2
GlaxoSmithKline set to complete $20 billion Novartis asset swap next week,2
Tesco's Sales Pickup Isn't Enough,1
RBS chairman admits surprise at size of regulatory penalties,1
Persimmon sells 17% more houses in 2014,4
CRH's concrete bid for Holcim Lafarge assets,3
ITV strike: Broadcaster's revenue soars but staff walkout for a piece of the action,3
McEwan will be nursing RBS through more struggles yet,1
Arm profits and sales up as shift away from mobile gains pace,3
Teva First-Quarter Net Rises 11% Amid Mylan Takeover Battle,3
Land Securities warns of rent rises,2
Glencore shares hit 3-month high after refinancing key credit line,3
RBS becomes a shadow of its former self,0
Sir Ken Morrison has taken a Â£6m stake in rival Sainsbury's,3
Barclays Bonds Rise as Lender Cuts Dividends to Shore Up Capital,3
UPDATE 1-Pearson expects to grow this year after solid end to 2014,3
AstraZeneca Acquires ZS Pharma in $2.7 Billion Deal,3
Market Report: Aviva tops the market as traders approve of its choice of Friends,3
Admiral and Schroders lift FTSE with profits surge,4
Tesco closes in on new chairman with Dixons Carphone's John Allan in the frame,3
UK's FTSE hits new record highs as CRH climbs,3
GlaxoSmithKline set to complete $20 billion Novartis asset swap next week,3
Shell share price: Standard Life announce position against BG acquisition,2
GE to Sell Majority Stake in Bank BPH's Core Bank to Alior Bank,3
"U.K. Stocks Resume Gains to Rally to Record; CRH, Tullow Climb",3
MarketsMoneysupermarket slides 11% on Barclays Brexit warning,0
"Can Standard Chartered PLC, BP plc & Burberry Group plc Keep Charging?",2
Can Christmas Save Sainsbury's plc And Tesco plc?,2
HSBC Says Unit to Book $585 Million Charge on Settlement,1
FTSE boosted by Dixons Carphone with Fed in focus,3
Standard Life impresses as fee-based products offset annuities slump,3
CompaniesHome Retail trims gains but is considered 'in play',2
Intertek Group announces strategic update outlining its plan,2
Valeant CEO Pledges to Heed Critics After `Painful' Experience,1
Industry NewsHammerson joint venture buys Dublin loan portfolio,3
AstraZeneca sells Caprelsa rights to Sanofi unit,3
Greenpeace Protest of BP Forces British Museum to Close,1
"L&G fund arm, Nikko Asset Management sign bond fund distribution deal",3
UPDATE 2-Pricey beers lift SABMiller's quarterly underlying sales,3
"Insight - Britain's bank tax jump threatens to push HSBC, StanChart to new home",2
Royal Mail chairman Donald Brydon set to step down,1
Teva: FDA Approves Generic Version of AstraZeneca Heartburn Drug,3
Prudential shares halted in Hong Kong pending announcement,1
"CompaniesPound to boost ABF for now, but mixed impact ahead",3
"EU drops Shell, BP, Statoil from ethanol benchmark investigation",3
AstraZeneca chases Acerta to secure next cancer drug winner,4
"FDA panel backs safety updates for AstraZeneca, Takeda drugs",2
Barclays PLC & Lloyds Banking Group PLC Are The 2 Banks I'd Buy Today,3
BBCN Bancorp to buy Wilshire Bancorp in $1 bln deal,3
Payout from BP oil spill settlement tops $5 billion,0
RSA Insurance Hires Towergate's Egan as Chief Financial Officer,2
"Berkshire Bought Apple Stake at $99.49 a Share, Filing Shows",3
Sainsbury's and Glencore give FTSE a three-digit lift - London Report,4
BHP Billiton drags FTSE lower after slashing dividend,0
Glencore sees Tripoli-based NOC as sole legal seller of Libyan oil,2
Unilever returns to Cuba in joint venture with state,3
Deals Help Shrink Glencore's Mountain of Debt,2
"Aldi and Lidl expansion plans speed ahead as Tesco, Sainsbury's, Morrisons ...",3
British taxpayers' stake in Lloyds falls below 22 percent,1
Fears Primark growth is starting to falter,1
"U.K. Stocks Resume Gains to Rally to Record; CRH, Tullow Climb",4
Royal Bank of Scotland becomes Facebook customer,3
MOVES-Ex-shadow minister McClymont joins Aberdeen Asset Management,2
"Are Aviva plc, Direct Line Insurance Group PLC And Admiral Group plc Set To Soar?",3
Morrisons and Debenhams surprise City with Christmas bounce back,4
"FTSE ends lower on weaker miners, Tesco outperforms",3
CompaniesCoutts raids JPMorgan Chase for new CEO,2
Philippines' San Miguel says to partner with Kirin if it bids for SABMiller's ...,3
Tesco share price down as grocer faces SFO investigation outcome,1
"FTSE rallies off three-month low, boosted by StanChart, Sainsbury",3
"Are ARM Holdings plc, Domino's Pizza Group plc and ASOS plc 3 must-have growth stocks?",2
AstraZeneca share price: Acerta deal pays off with orphan drug status,3
Cost savings help Robinsons maker Britvic to first-half profit,3
CompaniesTesco sends supermarket shares to top of FTSE,3
"Diageo, Heineken Exchange Emerging-Market Brewing Assets",2
Protesters gather in Seattle to block access to Shell oil rig,1
Passengers rise at EasyJet and Aer Lingus,3
Intertek profit up 16.1%; expects to meet forecast,4
"Oil majors like Royal Dutch Shell, Chevron, BP fail to find reserves to counter ...",1
Tesco's boss knows which side his bread is buttered,2
UPDATE 3-Ex-Barclays director accused by US of illegal tips to plumber,1
GSK hopes big clinical trial can breath new life into lung drug,2
UPDATE: Peter Long To Be Chairman Of Both Royal Mail And TUI AG,2
Standard Chartered CEO Peter Sands to Resign After Unrest at Bank,1
Industry NewsStrong results at Travis Perkins marred by plumbing impairment,2
Mongolia and Rio Tinto agree $5bn Oyu Tolgoi mine expansion,3
AstraZeneca to Buy ZS Pharma for $2.7 Billion,3
"Aviva plans to up pay-out ratio, says too soon to judge Brexit impact",2
Reluctant shareholder George Osborne loses patience with RBS,1
Cuadrilla and protesters await Lancashire fracking decision,2
Currency causes full-year headaches for SABMiller,1
Beach holiday demand helps lift clouds for easyJet,3
ARM Holdings plc Partners With International Business Machines Corp. To Drive ...,3
NYSE owner ICE may gatecrash Deutsche Boerse-LSE merger,1
"StanChart announces $5.1 billion capital-raising plan, posts Q3 loss",1
BT Group's third quarter revenues rise as restructure unveiled,3
SSE share price: Peterhead station to supply voltage support to National Grid,3
Insurer Old Mutual picks Standard Bank's Hemphill as new CEO,2
Berkshire seeks to boost its Wells Fargo stake above 10 percent,3
AstraZeneca's patent on asthma drug invalidated by US court,0
Lloyds Bank Is Said to Face Potential Fine Over Handling of Insurance Complaints,1
Goodwin not to face Scottish prosecution over RBS,2
TOP NEWS: Barclays Profit Depressed By Foreign Exchange Provisions,1
RBS Pays $1.7 Billion to Scrap U.K. Treasury's Dividend Rights,2
"Glencore 2014 profit in line, takes $1.1 billion charge on commodity prices",2
Morrisons share price: Group trading director departs as management cull ...,2
Lloyds returns Â£13bn to UK taxpayer,2
Weir leads FTSE lower after oil price profits warning,1
Retail focus helps to shield Lloyds from banking chill,3
UPDATE 1-RBS raising $3.1 billion through issue of CoCo bonds,2
Retailers Kingfisher and Sports Direct rise in Britain's share index,3
UPDATE 1-Rio Tinto to sell aluminium assets in $1 bln deal -paper,3
EasyJet attracts more passengers in June but still lags Ryanair,3
"FastJet slams EasyJet founder Stelios for going public, is ""taking legal advice"" over letter about contractual ...",2
Barclays fined for anti-money-laundering failings,0
CORRECTED-Shire to buy Dyax for about $5.9 bln,3
"BP, Statoil, to Withdraw Staff From Algeria Following Rocket Attack",1
ITV shares dip after update,1
"Centrica extends gas deals with Gazprom, Statoil",3
Glencore shares enjoy bounce-back after Hong Kong-led surge,3
Ruling sets lower limit on potential fine for BP,1
Sports Direct Shares Tumble as Founder Ashley Sells Shares,1
Shell challenges Exxon dominance with 47 billion-pound bid for BG,2
Diageo receives reports from United Spirits on financial irregularities involving ...,1
Credit checker Experian reports fall in full-year profit,1
Insurer Old Mutual picks Standard Bank's Hemphill as new CEO,2
Barclays reports 8% fall in annual profits,0
Teva: FDA Approves Generic Version of AstraZeneca Heartburn Drug,3
Balfour Beatty plc Set To Reinstate Dividend (And Rival National Grid plc And Centrica PLC Once More?),3
Chipotle Sales Plunge as Troubled Chain Gets Federal Subpoena,0
Shell offers 50 percent premium to buy BG for $70 billion,2
Morrisons share price: Founder's son to assist CEO with turnaround,2
UPDATE 1-EU regulator backs approval for GSK injectable asthma drug,3
Sainsbury sells unit to LloydsPharmacy,3
Former Barclays traders stand trial in Libor case,1
Tesco share price jumps as Q3 sales top estimates,4
"South Africa approves SABMiller, Coke bottling deal with conditions",3
CompaniesActelion shares hit record on Shire takeover talk,3
UPDATE: Aggreko Interim Profit Drops As It Undertakes Restructuring,1
"HSBC, Standard Chartered Lead Asia Bank Rout as U.K. Votes 'Out'",1
Standard Chartered's Shares Plunge 7% After Fitch Downgrade,0
Standard Chartered Misses Estimates in Sands's Last Results,1
"HSBC shakes up board with two new business chiefs, three departures",2
Britain's FTSE slips from 2016 high as Sky falls,1
BHP Billiton to lower copper production costs,3
Glencore Sells Shares to Raise $2.5 Billion and Reduce Debt,3
CompaniesSmith & Nephew flops 6.8% to foot of FTSE 100,0
"Philip Morris, BAT Sue Over Law Taking Branding Off Packs",2
Asahi could be about to snap up more of SABMiller's beers ahead of AB InBev sale,3
Buffett's Company Reports 37 Percent Drop in 2Q Earnings,1
BP Judge Urged to Impose $11.7 Billion-Plus Spill Fine,1
RBI surprises Street; Sensex pares gains after hitting mount 30k,4
"Royal Mail needs to deliver on modernisation plans, post haste",2
Barclays CEO poaches risk head from JP Morgan,2
"Sainsbury's, Asda, Tesco and Morrisons will all cut petrol prices as oil falls ...",1
Clydesdale Bank H1 profits weighed down by PPI charge,1
UPDATE 1-AstraZeneca sells rare cancer drug to Sanofi for up to $300 mln,3
CompaniesDeutsche taps ex-StanChart executive for audit role,2
Cuadrilla chief Francis Egan: Scaremongering fracking opponents make me angry,2
Investors Remain Skeptical About Shell-BG Deal,1
Amazon to attack UK grocery market with Morrisons deal,3
Glencore tells investors it is on track to reduce debt: Barclays,3
UPDATE 3-Barclays fined for lax crime checks in 'deal of century',0
Prudential hit by withdrawals from M&G investment arm,0
Old Mutual faces backlash over Â£9m chief exec payout plan,1
Barclays backs new iPhone and Android app that lets users send each other money using a bitcoin network,2
Diageo Sells Ryder Cup Venue Gleneagles Hotel to Ennismore Group,2
Lloyds to cut 945 jobs as part of three-year restructuring strategy,1
CommentOpening Quote: Tesco; Premier Foods jilted; FCA on IPOs,2
Investor Woodford calls for outsider to head GlaxoSmithKline,2
Randgold Resources third quarter profit slips despite record production,1
News FeedFTSE 100 movers: LSE surges as ICE says mulling offer; Ashtead and Barclays tank,0
"Goldman Sachs, Barclays, HSBC downplay Brexit threat",2
UPDATE 1-UK to start selling remaining Royal Mail shares,1
Companies Thetrainline.com announces arrival of London IPO,3
Hargreaves weathers torrid ISA season and Brexit fears,1
PRESS: UK Government Would Oppose Any BP Takeover - FT,2
"Britain's FTSE gains, Land Securities up after dividend hike",3
AstraZeneca's MedImmune Inks Licensing Deal With Omnis Pharmaceuticals,3
What It Takes for Royal Dutch Shell to Break Even,2
Industry NewsPetrofac secures $250m North Sea contract,3
"Lloyds Will Cut 640 Jobs, Close 23 Branches as Part of 2014 Plan",3
Royal Mail turnaround proving expensive in tough UK market,2
IHG agrees $938 sale of InterContinental Hong Kong,3
Barclays Said to Shrink Bonus Pool to Less Than 2 Billion Pounds,3
Shire Offers to Buy Baxalta for $30 Billion,3
Crown Castle buys Tower Development Corp for $461 million,3
LONDON MORNING BRIEFING: HSBC And Standard Chartered Shares Rise,3
Norway's sovereign wealth fund says backed Shell CEO's pay,2
MarketsProperty stocks under pressure after Standard Life fund move,1
UPDATE 5-SABMiller rejects AB InBev's $104 bln takeover approach,1
BP's fine for 2010 oil spill capped at $13.7 billion,0
Oilfield services firm Petrofac's debt shoots up 50 per cent,0
Eli Lilly & Co. (LLY) Has Broken Out To A New High On AstraZeneca Collaboration,3
FTSE 100 movers: BG Group leads the charge as resource stocks jump,4
Spain's CaixaBank Expects To Close Deal For Banco BPI,3
Royal Mail share price: Postal service issues trading update,2
Barclays Said to Cut 150 at Investment Bank as McCormick Departs,1
Glencore fight back over debt fears lifts shares,3
SAB's Chairman Digs In With Board Divided on InBev Offer,2
Britain facing winter of blackouts as National Grid warns of tightest power ...,1
AB InBev approaches SABMiller to explore $250bn tie-up,3
Barclays launches first 100% mortgages since crisis,2
Germanwings disaster will not affect image of budget air travel - easyJet,2
"Nine banks including Barclays, Citi, agree to pay $2 billion to settle forex ...",0
"After Barclays and Bank of America, Citigroup has blockchain in sight",2
Early victory for new CEO as Morrisons beats forecasts,4
Barclays said to be cutting 150 investment bank jobs,1
Shell challenges Exxon dominance with 47 billion-pound bid for BG,2
"Should You Buy Jumbo Yielders British American Tobacco plc, Centrica PLC & John Wood Group PLC?",2
London Stock Exchange seals Â£22 billion merger with Germany's Deutsche BÃ¶rse,3
Unilever Finds Growth More Elusive as Sales Meet Estimates,3
Primark racks up a happy Christmas after strong sales,4
New York says Barclays not cooperating in 'dark pool' probe,1
"FDA approves NPS drug, in move validating Shire takeover deal",3
Royal Mail share price edges lower as group raises stamp price,1
Sainsbury's and Glencore give FTSE a three-digit lift - London Report,4
Tesco share price dips as Blinkbox Books closes ending supermarket's digital ...,1
Tata Steel working with StanChart for UK unit sale - source,3
Diageo offloads major wine interests,1
Glencore Agrees to Sell Minority Stake in Agriculture Business,3
Diageo sells wine businesses for 320m pounds,3
Breakingviews: IAG can pay more for Aer Lingus,2
UPDATE 1-UK government would oppose any takeover of BP -FT,2
Australian mining slowdown hits Aggreko,1
The sustainability of Royal Dutch Shell's dividend,2
CompaniesCoutts raids JPMorgan Chase for new CEO,2
Easyjet traffic hit by air traffic controller strikes and terrorism,1
Dixons Carphone says cyber attack may have exposed customers' data,0
Stars aligned' for AB InBev's megabrew merger plan,3
AstraZeneca's Good Deal Turns Bad,1
Tesco share price dips as Blinkbox Books closes ending supermarket's digital ...,1
"Aldi and Lidl expansion plans speed ahead as Tesco, Sainsbury's, Morrisons ...",3
Primark plots expansion in US and Europe,3
BP shares tumble after $2.2bn fourth-quarter loss,0
Is Trouble Brewing At Legal & General Group Plc And Aviva plc?,1
Berkshire Hathaway's 4Q profit declines 17 percent,0
Ex-Barclays traders sentenced to up to six years' jail in Libor case,0
BP slashes capital spending by 20%,1
Shell's profits hit by further slide in oil prices,0
The Coca-Cola Company and Coca-Cola FEMSA to Acquire AdeS Soy-Based Beverage Business From Unilever,3
Stars aligned' for AB InBev's megabrew merger plan,3
Tesco sells half of stake in ecommerce site Lazada to Alibaba for Â£90m,3
Lloyds is cutting more than 600 jobs and shutting 21 branches,1
Can BP Restore Its Lost Luster?,1
"Britain's FTSE steadies below record high, BHP gains",3
"Insight - Britain's bank tax jump threatens to push HSBC, StanChart to new home",1
"Can Standard Chartered PLC, BP plc & Burberry Group plc Keep Charging?",2
Tesco Versus Sainsbury: Weight-Watcher vs. Bodybuilder,3
Stakes High for AstraZeneca Heart Drug Facing Tough Competition,1
UPDATE 1-Cypress Semiconductor offers to buy Integrated Silicon Solution,3
Breakingviews: IAG can pay more for Aer Lingus,3
InterContinental Hotels denies exploring sale or merger,2
Peroni and Grolsch put up for sale as AB InBev plans acquisition of SABMiller,3
Hargreaves Lansdown says first-quarter assets hit by stock market flux,1
Aviva Expects 1500 Jobs Cuts from Friends Life Deal,3
CompaniesThiam received Â£5m pay packet for final months at Prudential,2
"UPDATE 1-BHP Billiton's credit ratings fragile in FY16, agencies warn",1
Royal Dutch Shell Posts Rise in Earnings Despite Lower Oil Prices,3
Shell to Go Ahead With Petrochemical Plant in Pennsylvania,3
AB InBev approaches SABMiller to explore $250bn tie-up,3
Sugar tax spurs Pepsi owner Britvic to change drinks recipes by 2020,2
Barclays poaches new chief operating officer Paul Compton from JP Morgan Chase,2
CompaniesPhilips transfers $900m of pension obligations,3
Barclays in $13.75 million US settlement over mutual funds,1
Standard Life stands tall amid pension reform,3
AstraZeneca to Pay Inovio Up to $700 Million for Cancer Drug,3
Shire to buy NPS for $5.2 billion to boost rare disease drugs,3
Shell profit rises as company resist oil slump,3
FTSE ends higher; 3i Group leads after strong earnings,3
"FTSE falls to 3-month low on Greek debt concerns, easyJet skids",1
Companies Severn Trent expects costs hit from inflation,1
Glencore blames rivals for creating metals glut,1
U.K. Shares Extend Rebound for Second Day as EasyJet Surges,3
PRESS: Pearson Set To Announce Sale Of Financial Times - Reuters,2
Tesco shares jump 6% after Christmas sales beat expectations,4
"CompaniesNew Aggreko CEO to reshape business, strip costs",2
Verizon and AT&T accused of hurting rivals,1
Exclusive - Britain targets sale of half its RBS stake in two years: sources,1
U.S. Debt Lures Schroders as ECB Depresses Rates,2
"Saudi Aramco, Shell plan to break up Motiva, divide up assets",3
InterContinental Hotels Denies Reports of Starwood Merger Talks,2
Standard Chartered faces fresh claims of Iran sanctions violations,1
Shire in talks with Baxalta shareholders,2
"SSE to Shut Coal-Fired Plant Amid Shift to Gas, Renewable Energy",2
Sharm el Sheikh: EasyJet axes all flights to Egypt's leading holiday resort,1
"UPDATE 1-Norway's Statoil shakes up top management, replaces CFO",2
Relief for Lewis as Tesco sees sales grow for first time in a year,3
Clydesdale and Yorkshire moves closer to independence,3
"European stocks hover near 3-week low, Dialog and BHP slump",1
Dave Lewis admits long road ahead for Tesco recovery,1
Tesco leads FTSE higher on Clubcard bid reports,3
Why I'd Buy ARM Holdings plc And BHP Billiton plc Today,3
Admiral Group posts decline in 2014 earnings,1
"Britain's FTSE bounces back, Mondi and Barratt lead",3
UPDATE 3-Barclays sells Italian branches to Mediobanca at a loss,3
Morrisons finance chief to fill gap as CEO leaves early,2
Sophos aims to raise $100m in London IPO,3
UK chip designer ARM hits a high after iPhone 6 boost,4
Wolseley share price: Group updates on quarterly performance,2
Rio Tinto announces long-delayed expansion of Mongolia mine,3
Shire rises as dry eye treatment sails through trial,3
Doubts grow over GlaxoSmithKline's $6 bln capital return plan,1
Aviva weighs cash handout after beating profit forecast,3
Shropshire and Mid Wales trains to be hit again in new strike by Arriva drivers,1
Greene King's third quarter sales boosted by festive season,3
Big account wins keep ad group WPP at front of pack,3
Worldpay readies for Â£6bn London float,2
"CEOs of BPM, UBI meet Italy econ minister as M&A talk heats up",2
"Should You Buy Jumbo Yielders British American Tobacco plc, Centrica PLC & John Wood Group PLC?",2
Dyson Wants to Create a Hair Dryer Revolution,3
Royal Dutch Shell to Buy BG Group for Nearly $70 Billion,3
"EXCLUSIVE-BP, China's CNPC to unveil oil alliance - sources",3
CORRECTED-Shire to buy Dyax for about $5.9 bln,4
BP set to cut hundreds of jobs at North Sea operations,0
BP's head of exploration Richard Herbert departs,2
"UPDATE 1-Nomura, RBS must pay $806 mln in mortgage bond case-US judge",0
BRIEF-Legal & General's retirement business books 4 billion stg H1 sales,3
CompaniesRoyal Mail swerves new pricing regulations,2
JC Penney Cuts Pension Plan Obligation,2
Domino's Pizza worker sacked after crude slur aimed at customer on order screen,1
"UPDATE 2-AB InBev launches SAB bid, to sell MillerCoors stake",2
Sales boost for new Morrisons chief David Potts as Tesco turnaround stalls,3
France raises concerns over proposed LSE-Deutsche Boerse deal,1
Genel Shares Plunge After Tony Hayward's Oil Explorer Cuts Crude Reserves at Core Field,0
LSE-Deutsche Boerse merger would signal end to exchange mega-deals,2
Sports Direct boss Mike Ashley summoned to Westminster for questioning over the treatment of workers,1
Diageo receives reports from United Spirits on financial irregularities involving ...,1
Industry NewsWood Group wins multi-million dollar contract with BP,3
"Centrica extends gas deals with Gazprom, Statoil",2
Legal & General arm buys 50 pct stake in MediaCityUK in Manchester,3
Sainsbury's pressed to raise bid for Home Retail Group,3
"Buffett's Berkshire builds Deere stake, dumps Exxon",1
"Aldi and Lidl expansion plans speed ahead as Tesco, Sainsbury's, Morrisons ...",3
Analysis - Copper market may get a 2003-style supply shock from Glencore closures,0
Tesco share price: Korean currency slide may hit Homeplus sale plans,1
AstraZeneca cancer drug may not be so fast getting to market,1
Tullow Oil Suspends Dividend Amid Oil Price Fall,1
UPDATE 3-Barclays sells Italian branches to Mediobanca at a loss,0
Diageo Shares Surge on Report of Possible Takeover by Lemann,3
"Aviva, Friends Life top forecasts ahead of 5.6 billion pound merger",2
Friends Life lifts profits 38% and hikes divi ahead of proposed Aviva takeover,3
Centrica suffers protest from shareholders over pay,1
Google Fiber to buy Webpass for big city Internet service,3
Is It Worth Investing In Tesco PLC And Prudential plc Now?,2
2 Turnaround Buys For 2016? BHP Billiton plc And Home Retail Group Plc,3
Halfords appoints Jonny Mason as new CFO,2
UPDATE 5-Buffett pays high price for Precision Castparts,3
Experian says receives class actions related to T-Mobile breach,0
Market Report: Aviva tops the market as traders approve of its choice of Friends,4
IAG closes in on Aer Lingus with increased offer,3
GKN to buy Fokker Technologies for 706 mln euros,3
UPDATE 1-Shire steps up drive to get Baxalta talking after $30 bln bid,3
Pearson in Talks to Sell Its Stake in the Economist Group,3
CompaniesTesco sheds Harris & Hoole coffee shops,3
REFILE-BP agrees UK gas pipeline stake sale to infrastructur,3
"BHP Billiton slashes dividend, posts $5.67 billion net loss",1
"StanChart capital raising would be ""major surprise"" -investor Aberdeen",2
Why I Would Put J Sainsbury plc In My Trolley Before Wm Morrison Supermarkets ...,1
Glaxo Sees Hope for Respiratory Drugs as Earnings Beat Estimates,3
Peroni and Grolsch put up for sale as AB InBev plans acquisition of SABMiller,3
BRIEF-Aviva aims to increase dividend pay-out ratio to 50 pct in 2017,3
Direct Line rings up higher profit,3
Jim Armitage: Barclays boss Jes Staley steps up to the plate with post-Leave positivity,2
AstraZeneca sells rights to anaesthetics to South Africa's Aspen,3
GE to Sell Majority Stake in Bank BPH's Core Bank to Alior Bank,3
StanChart and RBS struggle in Bank of England stress tests,0
Antofagasta Sees Lower Cash Costs In 2015 - Quick Facts,3
NPS prospects dependent on drug approval,2
Priceline's stock jumps to new high for the year after Barclays upgrade,4
Tesco leads leap in FTSE 100; Marks & Spencer drops,3
Tesco UK personnel director quits supermarket,1
Royal Bank of Scotland fortunes ebbed and flowed under 3 chiefs,2
Exxon Beaumont CDU overhaul to be slowed by accident: sources,1
TalkTalk hires BAE Systems to investigate cyber attack,2
Valeant Said to Name New CEO With Pearson Still Hospitalized,2
ITV to pursue takeover of Canada's Entertainment One: Bloomberg,3
Barclays appoints JPMorgan's Paul Compton as new COO,2
Rio Approves $5.3 Billion Oyu Tolgoi Copper Mine Expansion,3
Weir Group sees continued fall in orders from oil and gas business,1
New BG Group CEO Helge Lund Starts Earlier Than Expected,2
"BHP, Residents Brace as Cyclone Stan Nears Australian Coast",2
Glaxo's ViiV Healthcare Signs China Manufacturing Deal With Desano,3
"Barclays brands financier Amanda Staveley's $1bn claim as ""misconceived"",1
1057,""GlaxoSmithKline rebound gathering pace, says outgoing CEO",3
AB InBev to sell more SAB assets as seeks EU deal approval,2
UK government cuts stake in Lloyds to below 11 percent,2
Morrisons store closures: 900 jobs to go as 11 branches are closed due to ...,2
BP chairman defends CEO Bob Dudley's pay increase,2
Profits Fall 25% At Standard Chartered PLC: Should You Buy Or Sell?,0
SAB's Chairman Digs In With Board Divided on InBev Offer,2
Aviva Fined $27 Million by U.K. Regulator Over Fee Failings,0
"Whitbread Profit Up As Sales Continue To Rise, Looking For New CEO",3
Persimmon shares nudge higher as housebuilder sees strong 2014,3
UPDATE 1-BG Group's record output limits oil price fallout,2
Standard Life share price: Group gets approval to hike stake in India JV,3
Tesco Mobile is offering you cash back in exchange for looking at ads,2
"Wolseley profit up 18%, warns on revenue growth",3
ITV share price: Group mulls takeover of Canada's Entertainment One,3
Blueprint Receives FDA Nod To Proceed With Clinical Trials For 2 Drug ...,3
SABMiller buys Meantime to quench thirst for craft beer,3
"Irish Said Chasing Standard Chartered, RBS as Brexit Vote Nears",2
"After Barclays and Bank of America, Citigroup has blockchain in sight",2
US says HSBC must do more to improve compliance,1
Carnival Corporation and China Merchants Group Sign Memo of Understanding ...,2
Staley to face challenges at Barclays,1
GSK aims to file up to 20 new drugs for approval by 2020,3
British American Tobacco accused of bribing senior politicians to sabotage ...,0
BT finance director Tony Chanmugam to step down,2
AstraZeneca to cut costs but stays silent on M&A talk,2
"Buffett's Berkshire builds Deere stake, dumps Exxon",2
Barclays Not Convinced by Gains in South African Stocks: Chart,2
5 Years After BP Spill: What's Changed in Offshore Drilling,1
AstraZeneca Explores Potential Deal With Acerta for Cancer Drug,3
Tesco sells half of stake in ecommerce site Lazada to Alibaba for Â£90m,3
"UK sells more of Lloyds bank stake, 12.5 billion pounds raised so far",1
Hargreaves Lansdown share price falls as costs mount - although pensions ...,1
Meggitt agrees to buy US aerospace component firm for $340 million,3
TRLPC - CRH backs Lafarge Holcim asset buy with 6.5 bln euro bridge loan,3
Bloomberg buys Barclays' benchmarking business,3
"Barclays, Deutsche Bank Fight to Lift Profit Just Got Harder",1
Royal Bank of Scotland chair hints Brexit turmoil will delay government sale,1
"Sainsbury's, Asda, Tesco and Morrisons will all cut petrol prices as oil falls ...",1
UPDATE 1-Berkshire applies to boost Wells Fargo stake above 10 pct,3
Shire Sees Baxalta Deal Closing as Expected After New Rules,3
AstraZeneca heart drug boosted by major clinical trial success,3
Shire share price under pressure after $32bn Baxalta deal,2
UK WINNERS & LOSERS: Aviva And Friends Life Lead FTSE 100 Gainers,3
CompaniesGlencore's annual results beat forecasts,4
Warren Buffett's Berkshire Hathaway quarterly profit jumps almost one third,4
Pfizer to cut 120 jobs with closure of Cambridge R&D centre,1
Sainsbury's says to outperform rivals in tough market,3
Centrica share price: British Gas under fire despite 5% price cut,1
RBI surprises Street; Sensex pares gains after hitting mount 30k,1
"London open: Taylor Wimpey and Ashtead drive markets higher, Barclays falls",0
easyJet leads Britain's FTSE lower as global bond rout resumes,1
AB InBev to Sell SABMiller Stake in China's Snow Beer,2
Merkel's Government Said to Support Deutsche Boerse-LSE Merger,3
Tesco share price closes higher as two more directors leave grocer,3
Tesco sells half of stake in ecommerce site Lazada to Alibaba for Â£90m,2
UPDATE 5-Barclays Chairman McFarlane axes CEO to speed up strategic change,1
"Berkshire Bought Apple Stake at $99.49 a Share, Filing Shows",2
Sainsbury CFO Rogers to Replace Home Retail CEO Walden,2
UPDATE 1-Lloyds to cut 945 jobs as part of 3-year restructuring plan,1
Copper Prices up on Glencore Cuts to Zinc Supply,3
WPP's Sir Martin Sorrell is highest-paid FTSE 100 chief executive,2
Meggitt plc Crashes 20% On Profit Warning: Is It Now A Buy?,0
UK government cuts stake in Lloyds to below 11 pct,1
Passengers rise at EasyJet and Aer Lingus,3
"Sharm el-Sheikh travel disruption: British Airways, EasyJet, Thomson and ...",1
"US STOCKS-Wall St rises on Berkshire deal, China stimulus hopes",3
Prudential Financial quarterly profit rises 64 pct,4
US Seeks Huawei Records on Dealings With Sanctioned Nations,1
Centrica urges policy overhaul as it warns of 'looming gap' in UK energy supplies,2
UPDATE 1-AstraZeneca potassium drug delayed by manufacturing snag,1
Activist Fund TCI Backs German Takeover of London Stock Exchange,3
"Oil majors like Royal Dutch Shell, Chevron, BP fail to find reserves to counter ...",1
Four ex-Barclays bankers sentenced for roles in Libor rate-rigging scandal,1
AB InBev to sell more SAB assets as seeks EU deal approval,2
Berkshire applies to boost Wells Fargo stake above 10 percent,3
Tesco leads leap in FTSE 100; Marks & Spencer drops,1
Balfour Beatty plc Set To Reinstate Dividend (And Rival National Grid plc And Centrica PLC Once More?),3
"UPDATE: CIB, Legal & General Sell Egyptian Life Joint Venture To AXA",2
BG Group appoints new CEO one month early,2
"FDA panel backs Glaxo asthma drug for adults, not adolescents",3
Barclays set to name former JPMorgan banker Staley as new CEO,2
Kingfisher share price slides on cost to implement new strategy,0
"CompaniesTravis Perkins lifts dividend, earnings rise 15%",3
Standard Chartered Shifts Emerging-Markets Strategy After Losses,1
